{"cameraMode":{"drawMode":0,"name":"Shaded","section":"Shading Mode"},"sceneLighting":true,"audioPlay":false,"sceneViewState":{"showFog":true,"showMaterialUpdate":false,"showSkybox":true,"showFlares":true,"showImageEffects":true,"showParticleSystems":true},"in2DMode":false,"pivot":{"x":17.073665618896486,"y":-3.747211456298828,"z":-22.090129852294923},"rotation":{"x":0.1766878068447113,"y":0.0026946624275296928,"z":-0.00038788767415098846,"w":0.9843184947967529},"size":10.085368156433106,"orthographic":false}