{"cameraMode":{"drawMode":0,"name":"Shaded","section":"Shading Mode"},"sceneLighting":true,"audioPlay":false,"sceneViewState":{"showFog":true,"showMaterialUpdate":false,"showSkybox":true,"showFlares":true,"showImageEffects":true,"showParticleSystems":true},"in2DMode":false,"pivot":{"x":15.128727912902832,"y":-4.703985214233398,"z":-16.473522186279298},"rotation":{"x":-0.20427550375461579,"y":0.028478937223553659,"z":-0.005948954727500677,"w":-0.9784899950027466},"size":18.888282775878908,"orthographic":false}