{"cameraMode":{"drawMode":0,"name":"Shaded","section":"Shading Mode"},"sceneLighting":true,"audioPlay":false,"sceneViewState":{"showFog":true,"showMaterialUpdate":false,"showSkybox":true,"showFlares":true,"showImageEffects":true,"showParticleSystems":true},"in2DMode":false,"pivot":{"x":9.808623313903809,"y":3.788229465484619,"z":-27.62002944946289},"rotation":{"x":0.3165116310119629,"y":0.5794798135757446,"z":-0.26015961170196535,"w":0.7045956254005432},"size":4.408142566680908,"orthographic":false}