{"cameraMode":{"drawMode":0,"name":"Shaded","section":"Shading Mode"},"sceneLighting":true,"audioPlay":false,"sceneViewState":{"showFog":true,"showMaterialUpdate":false,"showSkybox":true,"showFlares":true,"showImageEffects":true,"showParticleSystems":true},"in2DMode":false,"pivot":{"x":14.785367965698243,"y":-4.11647367477417,"z":-17.08336067199707},"rotation":{"x":-0.08868013322353363,"y":-0.018529536202549936,"z":0.001634808722883463,"w":-0.9959006309509277},"size":8.886252403259278,"orthographic":false}