{"cameraMode":{"drawMode":0,"name":"Shaded","section":"Shading Mode"},"sceneLighting":false,"audioPlay":false,"sceneViewState":{"showFog":true,"showMaterialUpdate":false,"showSkybox":true,"showFlares":true,"showImageEffects":true,"showParticleSystems":true},"in2DMode":false,"pivot":{"x":16.85300636291504,"y":-5.239316940307617,"z":-27.22281265258789},"rotation":{"x":-0.16957677900791169,"y":0.6334890723228455,"z":-0.1450149565935135,"w":-0.7409384250640869},"size":20.13117027282715,"orthographic":false}