{"cameraMode":{"drawMode":0,"name":"Shaded","section":"Shading Mode"},"sceneLighting":true,"audioPlay":false,"sceneViewState":{"showFog":true,"showMaterialUpdate":false,"showSkybox":true,"showFlares":true,"showImageEffects":true,"showParticleSystems":true},"in2DMode":false,"pivot":{"x":29.472457885742189,"y":3.3266446590423586,"z":-20.20218276977539},"rotation":{"x":0.06505606323480606,"y":-0.018533319234848024,"z":0.001261825324036181,"w":0.9977589249610901},"size":33.66960144042969,"orthographic":false}