{"cameraMode":{"drawMode":0,"name":"Shaded","section":"Shading Mode"},"sceneLighting":true,"audioPlay":false,"sceneViewState":{"showFog":true,"showMaterialUpdate":false,"showSkybox":true,"showFlares":true,"showImageEffects":true,"showParticleSystems":true},"in2DMode":false,"pivot":{"x":15.819717407226563,"y":-4.312941551208496,"z":-12.756136894226075},"rotation":{"x":0.186798095703125,"y":-0.7203513979911804,"z":0.212462916970253,"w":0.6333354115486145},"size":7.1917195320129398,"orthographic":false}