{"cameraMode":{"drawMode":0,"name":"Shaded","section":"Shading Mode"},"sceneLighting":true,"audioPlay":false,"sceneViewState":{"showFog":true,"showMaterialUpdate":false,"showSkybox":true,"showFlares":true,"showImageEffects":true,"showParticleSystems":true},"in2DMode":false,"pivot":{"x":14.867053031921387,"y":-3.8836963176727297,"z":-13.401371002197266},"rotation":{"x":0.2291186898946762,"y":0.3166053891181946,"z":-0.07907803356647492,"w":0.9171037673950195},"size":2.157174825668335,"orthographic":false}