{"cameraMode":{"drawMode":0,"name":"Shaded","section":"Shading Mode"},"sceneLighting":true,"audioPlay":false,"sceneViewState":{"showFog":true,"showMaterialUpdate":false,"showSkybox":true,"showFlares":true,"showImageEffects":true,"showParticleSystems":true},"in2DMode":false,"pivot":{"x":22.2431640625,"y":-13.837267875671387,"z":-13.688430786132813},"rotation":{"x":0.39731565117836,"y":-0.012892689555883408,"z":0.005651398561894894,"w":0.9176304936408997},"size":42.85383224487305,"orthographic":false}