{"cameraMode":{"drawMode":0,"name":"Shaded","section":"Shading Mode"},"sceneLighting":true,"audioPlay":false,"sceneViewState":{"showFog":true,"showMaterialUpdate":false,"showSkybox":true,"showFlares":true,"showImageEffects":true,"showParticleSystems":true},"in2DMode":false,"pivot":{"x":52.45064926147461,"y":-40.081790924072269,"z":-25.980464935302736},"rotation":{"x":0.27986428141593935,"y":0.6338317394256592,"z":-0.264287531375885,"w":0.6709630489349365},"size":148.03524780273438,"orthographic":false}