{"cameraMode":{"drawMode":0,"name":"Shaded","section":"Shading Mode"},"sceneLighting":false,"audioPlay":false,"sceneViewState":{"showFog":true,"showMaterialUpdate":false,"showSkybox":true,"showFlares":true,"showImageEffects":true,"showParticleSystems":true},"in2DMode":false,"pivot":{"x":15.020000457763672,"y":-2.7850000858306886,"z":-12.480999946594239},"rotation":{"x":0.186798095703125,"y":-0.7203513979911804,"z":0.212462916970253,"w":0.6333354115486145},"size":3.7041666507720949,"orthographic":false}