{"cameraMode":{"drawMode":0,"name":"Shaded","section":"Shading Mode"},"sceneLighting":false,"audioPlay":false,"sceneViewState":{"showFog":true,"showMaterialUpdate":false,"showSkybox":true,"showFlares":true,"showImageEffects":true,"showParticleSystems":true},"in2DMode":false,"pivot":{"x":18.34000015258789,"y":-3.989000082015991,"z":-24.982330322265626},"rotation":{"x":0.05770464614033699,"y":0.42006444931030276,"z":-0.026674317196011545,"w":0.90532386302948},"size":3.1416590213775636,"orthographic":false}