{"cameraMode":{"drawMode":0,"name":"Shaded","section":"Shading Mode"},"sceneLighting":true,"audioPlay":false,"sceneViewState":{"showFog":true,"showMaterialUpdate":false,"showSkybox":true,"showFlares":true,"showImageEffects":true,"showParticleSystems":true},"in2DMode":false,"pivot":{"x":17.038715362548829,"y":-3.880000114440918,"z":-23.585599899291993},"rotation":{"x":0.05770464614033699,"y":0.42006444931030276,"z":-0.026674317196011545,"w":0.90532386302948},"size":4.041658401489258,"orthographic":false}