{"cameraMode":{"drawMode":0,"name":"Shaded","section":"Shading Mode"},"sceneLighting":true,"audioPlay":false,"sceneViewState":{"showFog":true,"showMaterialUpdate":false,"showSkybox":true,"showFlares":true,"showImageEffects":true,"showParticleSystems":true},"in2DMode":false,"pivot":{"x":19.358802795410158,"y":-9.869256019592286,"z":-8.733794212341309},"rotation":{"x":0.3457655906677246,"y":-0.01881593093276024,"z":0.007001113146543503,"w":0.93816077709198},"size":26.389326095581056,"orthographic":false}